{"lastUpdate":1710115486,"output":{"power":[{"id":0,"value":0},{"id":1,"value":0},{"id":2,"value":0},{"id":3,"value":0}],"energy":[{"id":0,"value":388},{"id":1,"value":387},{"id":2,"value":131},{"id":3,"value":0},{"id":4,"value":0}]},"input":{"power":[{"id":0,"value":0},{"id":1,"value":7},{"id":2,"value":-9},{"id":3,"value":0}],"voltage":[{"id":0,"value":241740},{"id":1,"value":242870},{"id":2,"value":242820},{"id":3,"value":0}],"current":[{"id":0,"value":271},{"id":1,"value":488},{"id":2,"value":-834},{"id":3,"value":0}],"status":[{"id":0,"value":0},{"id":1,"value":0},{"id":2,"value":0},{"id":3,"value":0}]},"energy":[{"id":0,"value":0},{"id":1,"value":0},{"id":2,"value":0},{"id":3,"value":0},{"id":4,"value":0}]}