{"lastUpdate":1710115126,"output":{"power":[{"id":0,"value":0},{"id":1,"value":0},{"id":2,"value":0},{"id":3,"value":0}],"energy":[{"id":0,"value":388},{"id":1,"value":387},{"id":2,"value":131},{"id":3,"value":122},{"id":4,"value":0}]},"input":{"power":[{"id":0,"value":0},{"id":1,"value":7},{"id":2,"value":-23},{"id":3,"value":0}],"voltage":[{"id":0,"value":241010},{"id":1,"value":242410},{"id":2,"value":242110},{"id":3,"value":0}],"current":[{"id":0,"value":354},{"id":1,"value":496},{"id":2,"value":-708},{"id":3,"value":0}],"status":[{"id":0,"value":0},{"id":1,"value":0},{"id":2,"value":0},{"id":3,"value":0}]},"energy":[{"id":0,"value":0},{"id":1,"value":0},{"id":2,"value":0},{"id":3,"value":0},{"id":4,"value":0}]}