{"lastUpdate":1710115426,"output":{"power":[{"id":0,"value":0},{"id":1,"value":0},{"id":2,"value":0},{"id":3,"value":0}],"energy":[{"id":0,"value":388},{"id":1,"value":387},{"id":2,"value":131},{"id":3,"value":0},{"id":4,"value":0}]},"input":{"power":[{"id":0,"value":-2},{"id":1,"value":6},{"id":2,"value":-15},{"id":3,"value":0}],"voltage":[{"id":0,"value":242050},{"id":1,"value":243290},{"id":2,"value":243230},{"id":3,"value":0}],"current":[{"id":0,"value":-267},{"id":1,"value":494},{"id":2,"value":-859},{"id":3,"value":0}],"status":[{"id":0,"value":0},{"id":1,"value":0},{"id":2,"value":0},{"id":3,"value":0}]},"energy":[{"id":0,"value":0},{"id":1,"value":0},{"id":2,"value":0},{"id":3,"value":0},{"id":4,"value":0}]}