{"lastUpdate":1710115426,"output":{"power":[{"id":0,"value":0},{"id":1,"value":0},{"id":2,"value":0},{"id":3,"value":0}],"energy":[{"id":0,"value":388},{"id":1,"value":387},{"id":2,"value":131},{"id":3,"value":0},{"id":4,"value":0}]},"input":{"power":[{"id":0,"value":0},{"id":1,"value":5},{"id":2,"value":-13},{"id":3,"value":0}],"voltage":[{"id":0,"value":241960},{"id":1,"value":243110},{"id":2,"value":243010},{"id":3,"value":0}],"current":[{"id":0,"value":186},{"id":1,"value":497},{"id":2,"value":-872},{"id":3,"value":0}],"status":[{"id":0,"value":0},{"id":1,"value":0},{"id":2,"value":0},{"id":3,"value":0}]},"energy":[{"id":0,"value":0},{"id":1,"value":0},{"id":2,"value":0},{"id":3,"value":0},{"id":4,"value":0}]}