{"lastUpdate":1710115366,"output":{"power":[{"id":0,"value":0},{"id":1,"value":0},{"id":2,"value":0},{"id":3,"value":0}],"energy":[{"id":0,"value":388},{"id":1,"value":387},{"id":2,"value":131},{"id":3,"value":0},{"id":4,"value":0}]},"input":{"power":[{"id":0,"value":-1},{"id":1,"value":6},{"id":2,"value":-13},{"id":3,"value":0}],"voltage":[{"id":0,"value":241920},{"id":1,"value":243180},{"id":2,"value":243110},{"id":3,"value":0}],"current":[{"id":0,"value":-158},{"id":1,"value":500},{"id":2,"value":-879},{"id":3,"value":0}],"status":[{"id":0,"value":0},{"id":1,"value":0},{"id":2,"value":0},{"id":3,"value":0}]},"energy":[{"id":0,"value":0},{"id":1,"value":0},{"id":2,"value":0},{"id":3,"value":0},{"id":4,"value":0}]}