{"lastUpdate":1710115486,"output":{"power":[{"id":0,"value":0},{"id":1,"value":0},{"id":2,"value":0},{"id":3,"value":0}],"energy":[{"id":0,"value":388},{"id":1,"value":387},{"id":2,"value":131},{"id":3,"value":0},{"id":4,"value":0}]},"input":{"power":[{"id":0,"value":-1},{"id":1,"value":7},{"id":2,"value":-11},{"id":3,"value":0}],"voltage":[{"id":0,"value":241900},{"id":1,"value":243110},{"id":2,"value":243050},{"id":3,"value":0}],"current":[{"id":0,"value":-86},{"id":1,"value":491},{"id":2,"value":-825},{"id":3,"value":0}],"status":[{"id":0,"value":0},{"id":1,"value":0},{"id":2,"value":0},{"id":3,"value":0}]},"energy":[{"id":0,"value":0},{"id":1,"value":0},{"id":2,"value":0},{"id":3,"value":0},{"id":4,"value":0}]}